<?xml version="1.0" encoding="UTF-8"?>
<?mso-application progid="Excel.Sheet"?>
<Workbook xmlns="urn:schemas-microsoft-com:office:spreadsheet"
 xmlns:o="urn:schemas-microsoft-com:office:office"
 xmlns:x="urn:schemas-microsoft-com:office:excel"
 xmlns:ss="urn:schemas-microsoft-com:office:spreadsheet"
 xmlns:html="http://www.w3.org/TR/REC-html40">
 <OfficeDocumentSettings xmlns="urn:schemas-microsoft-com:office:office">
  <AllowPNG/>
 </OfficeDocumentSettings>
 <ExcelWorkbook xmlns="urn:schemas-microsoft-com:office:excel">
  <WindowHeight>8250</WindowHeight>
  <WindowWidth>16275</WindowWidth>
  <WindowTopX>360</WindowTopX>
  <WindowTopY>90</WindowTopY>
  <ProtectStructure>False</ProtectStructure>
  <ProtectWindows>False</ProtectWindows>
 </ExcelWorkbook>
 <Styles>
  <Style ss:ID="Default" ss:Name="Normal">
   <Alignment ss:Vertical="Bottom"/>
   <Borders/>
   <Font ss:FontName="Calibri" x:CharSet="238" x:Family="Swiss" ss:Size="11"
    ss:Color="#000000"/>
   <Interior/>
   <NumberFormat/>
   <Protection/>
  </Style>
  <Style ss:ID="s62">
   <NumberFormat ss:Format="General Date"/>
  </Style>
  <Style ss:ID="s65">
   <NumberFormat ss:Format="[h]:mm:ss"/>
  </Style>
 </Styles>
 <Worksheet ss:Name="Sheet1">
  <Table>

	<Column ss:AutoFitWidth="0" ss:Width="50"/>
	<Column ss:AutoFitWidth="0" ss:Width="84" ss:Span="1"/>
	<Column ss:AutoFitWidth="0" ss:Width="110"/>
	<Column ss:AutoFitWidth="0" ss:Width="110"/>
	<Column ss:AutoFitWidth="0" ss:Width="90"/>
	<Column ss:AutoFitWidth="0" ss:Width="90"/>
	<Column ss:AutoFitWidth="0" ss:Width="87"/>
	<Column ss:AutoFitWidth="0" ss:Width="57.75"/>
	<Column ss:AutoFitWidth="0" ss:Width="57.75"/>
	<Column ss:AutoFitWidth="0" ss:Width="100"/>
	<Column ss:AutoFitWidth="0" ss:Width="100"/>
	<Column ss:AutoFitWidth="0" ss:Width="80"/>
	<Column ss:AutoFitWidth="0" ss:Width="80"/>
	
	<Row>
	<Cell><Data ss:Type="String">#</Data></Cell>
	<Cell><Data ss:Type="String">Идентификатор</Data></Cell>
	<Cell><Data ss:Type="String">Дата</Data></Cell>
    <Cell><Data ss:Type="String">Обновлено</Data></Cell>
	<Cell><Data ss:Type="String">Настоящее имя</Data></Cell>
	<Cell><Data ss:Type="String">E-mail</Data></Cell>
	<Cell><Data ss:Type="String">Категория</Data></Cell>
	<Cell><Data ss:Type="String">Приоритет</Data></Cell>
	<Cell><Data ss:Type="String">Статус</Data></Cell>
	<Cell><Data ss:Type="String">Тема</Data></Cell>
	<Cell><Data ss:Type="String">Сообщение</Data></Cell>
	<Cell><Data ss:Type="String">Владелец</Data></Cell>
	<Cell><Data ss:Type="String">Затрачено времени</Data></Cell>
	</Row>

<Row>
<Cell><Data ss:Type="Number">1</Data></Cell>
<Cell><Data ss:Type="String"><![CDATA[3WL-HV5-3VPY]]></Data></Cell>
<Cell ss:StyleID="s62"><Data ss:Type="DateTime">2015-04-27T14:07:09.000</Data></Cell>
<Cell ss:StyleID="s62"><Data ss:Type="DateTime">2015-04-27T14:07:09.000</Data></Cell>
<Cell><Data ss:Type="String"><![CDATA[Миша]]></Data></Cell>
<Cell><Data ss:Type="String"><![CDATA[mkttn@mail.ru]]></Data></Cell>
<Cell><Data ss:Type="String"><![CDATA[Просветка линии]]></Data></Cell>
<Cell><Data ss:Type="String"><![CDATA[Высокий]]></Data></Cell>
<Cell><Data ss:Type="String"><![CDATA[Новая]]></Data></Cell>
<Cell><Data ss:Type="String"><![CDATA[Санаторий кирова]]></Data></Cell>
<Cell><Data ss:Type="String"><![CDATA[Просветить с Кирова 35 на корпус санатория]]></Data></Cell>
<Cell><Data ss:Type="String"><![CDATA[Админ]]></Data></Cell>
<Cell><Data ss:Type="String"><![CDATA[00:00:00]]></Data></Cell>
</Row>

<Row>
<Cell><Data ss:Type="Number">2</Data></Cell>
<Cell><Data ss:Type="String"><![CDATA[E37-D42-WSUN]]></Data></Cell>
<Cell ss:StyleID="s62"><Data ss:Type="DateTime">2015-04-27T14:18:47.000</Data></Cell>
<Cell ss:StyleID="s62"><Data ss:Type="DateTime">2015-04-27T14:18:47.000</Data></Cell>
<Cell><Data ss:Type="String"><![CDATA[Админ]]></Data></Cell>
<Cell><Data ss:Type="String"><![CDATA[mkttn@mail.ru]]></Data></Cell>
<Cell><Data ss:Type="String"><![CDATA[Просветка линии]]></Data></Cell>
<Cell><Data ss:Type="String"><![CDATA[Нормальный]]></Data></Cell>
<Cell><Data ss:Type="String"><![CDATA[Новая]]></Data></Cell>
<Cell><Data ss:Type="String"><![CDATA[Четвертая школа нижний корпус]]></Data></Cell>
<Cell><Data ss:Type="String"><![CDATA[Пропала внутренняя сеть]]></Data></Cell>
<Cell><Data ss:Type="String"><![CDATA[Админ]]></Data></Cell>
<Cell><Data ss:Type="String"><![CDATA[00:00:00]]></Data></Cell>
</Row>

  </Table>
  <WorksheetOptions xmlns="urn:schemas-microsoft-com:office:excel">
   <PageSetup>
    <Header x:Margin="0.3"/>
    <Footer x:Margin="0.3"/>
    <PageMargins x:Bottom="0.75" x:Left="0.7" x:Right="0.7" x:Top="0.75"/>
   </PageSetup>
   <Selected/>
   <Panes>
    <Pane>
     <Number>3</Number>
     <ActiveRow>4</ActiveRow>
    </Pane>
   </Panes>
   <ProtectObjects>False</ProtectObjects>
   <ProtectScenarios>False</ProtectScenarios>
  </WorksheetOptions>
 </Worksheet>
 <Worksheet ss:Name="Sheet2">
  <Table ss:ExpandedColumnCount="1" ss:ExpandedRowCount="1" x:FullColumns="1"
   x:FullRows="1" ss:DefaultRowHeight="15">
  </Table>
  <WorksheetOptions xmlns="urn:schemas-microsoft-com:office:excel">
   <PageSetup>
    <Header x:Margin="0.3"/>
    <Footer x:Margin="0.3"/>
    <PageMargins x:Bottom="0.75" x:Left="0.7" x:Right="0.7" x:Top="0.75"/>
   </PageSetup>
   <ProtectObjects>False</ProtectObjects>
   <ProtectScenarios>False</ProtectScenarios>
  </WorksheetOptions>
 </Worksheet>
 <Worksheet ss:Name="Sheet3">
  <Table ss:ExpandedColumnCount="1" ss:ExpandedRowCount="1" x:FullColumns="1"
   x:FullRows="1" ss:DefaultRowHeight="15">
  </Table>
  <WorksheetOptions xmlns="urn:schemas-microsoft-com:office:excel">
   <PageSetup>
    <Header x:Margin="0.3"/>
    <Footer x:Margin="0.3"/>
    <PageMargins x:Bottom="0.75" x:Left="0.7" x:Right="0.7" x:Top="0.75"/>
   </PageSetup>
   <ProtectObjects>False</ProtectObjects>
   <ProtectScenarios>False</ProtectScenarios>
  </WorksheetOptions>
 </Worksheet>
</Workbook>
